Virus name	Accession ID	Collection date	Location	Host	Passage	Specimen	Additional host information	Sampling strategy	Sequencing technology	Assembly method	Comment	Comment type	Lineage	Clade	AA Substitutions
hCoV-19/Crimea/RII-MH182673S/2024	EPI_ISL_19062241	2024-03-31	Europe / Crimea / Republic of Crimea / Bakhchisaray	Human	Original	Nasopharyngeal swab			Illumina NextSeq	bwa, samtools, ivar, lofreq	Long stretches of NNNs (7.79% of overall sequence). Gap of 33 nucleotides when compared to the reference WIV04 sequence.	alert	JN.1	GRA	(NSP5_P132H,Spike_H69del,NS7b_F19L,Spike_S50L,NSP3_G489S,NSP4_T327I,Spike_S373P,Spike_N969K,Spike_H655Y,N_R203K,Spike_V213G,Spike_G142D,NSP3_A1892T,Spike_Q954H,N_P13L,Spike_F157S,Spike_N501Y,N_R32del,Spike_S939F,NS3_T223I,M_Q19E,NSP3_N1708S,Spike_N440K,NSP4_T492I,Spike_L455S,Spike_N460K,M_T30A,Spike_N679K,Spike_N764K,Spike_L212I,NSP6_G107del,Spike_R403K,Spike_Y505H,Spike_L216F,Spike_E554K,M_D3H,Spike_D796Y,N_G204R,Spike_T478K,N_S413R,Spike_V127F,M_A63T,NSP12_T26I,Spike_N481K,Spike_S371F,Spike_P1143L,Spike_N450D,NSP13_R392C,Spike_K417N,Spike_T376A,NSP6_S106del,Spike_V445H,Spike_F486P,Spike_P681R,Spike_K356T,Spike_R408S,NSP6_V24F,Spike_G339H,M_A104V,NSP4_L264F,Spike_Y144del,Spike_H245N,NSP3_T24I,Spike_P621S,N_S33del,NSP1_S135R,Spike_S375F,N_Q229K,Spike_D405N,Spike_Q498R,Spike_G446S,NSP2_A31D,Spike_A570V,Spike_S477N,NSP3_V238L,Spike_A264D,N_E31del,Spike_N211del,NSP6_R252K,NSP6_F108del,Spike_R158G,Spike_I332V,E_T9I,Spike_V70del,Spike_L452W,NSP9_T35I,NSP12_P323L,Spike_D614G,Spike_V483del)
hCoV-19/Crimea/RII-MH182671S/2024	EPI_ISL_19062242	2024-03-27	Europe / Crimea / Republic of Crimea / Kerch	Human	Original	Nasopharyngeal swab			Illumina NextSeq	bwa, samtools, ivar, lofreq	NS8_G8stop results in 94.2% truncation of the protein sequence. Gap of 59 nucleotides when compared to the reference WIV04 sequence.	warn	XDD (consensus call)	GRA	(NSP5_P132H,Spike_H69del,NSP2_A510V,Spike_S50L,NSP3_G489S,NSP4_T327I,Spike_S373P,Spike_N969K,Spike_H655Y,Spike_E484K,N_R203K,Spike_V213G,Spike_G142D,NSP3_A1892T,Spike_Q954H,N_P13L,Spike_F157S,Spike_N501Y,N_R32del,Spike_S939F,NS3_T223I,M_Q19E,NSP3_N1708S,Spike_N440K,NSP4_T492I,Spike_L455S,Spike_N460K,Spike_N679K,Spike_N764K,Spike_L212I,E_T11A,NSP6_G107del,Spike_R403K,Spike_Y505H,Spike_L216F,Spike_E554K,Spike_D796Y,N_G204R,Spike_T478K,N_S413R,Spike_V127F,M_A63T,NSP6_L37F,Spike_N481K,Spike_S371F,Spike_P1143L,Spike_N450D,NSP13_R392C,Spike_K417N,Spike_T376A,NSP6_S106del,NS8_G8stop,Spike_V445H,Spike_F486P,Spike_P681R,Spike_K356T,Spike_R408S,NSP6_V24F,Spike_G339H,NSP14_I42V,NSP4_L264F,Spike_Y144del,Spike_H245N,NSP3_T24I,Spike_P621S,N_S33del,NSP1_S135R,Spike_S375F,NSP3_G1001S,Spike_D405N,Spike_Q498R,Spike_G446S,Spike_A570V,Spike_S477N,Spike_A264D,N_E31del,Spike_N211del,NSP6_R252K,NSP15_T112I,NSP6_F108del,Spike_R158G,Spike_I332V,E_T9I,Spike_V70del,NSP1_K47R,Spike_L452W,NSP9_T35I,NSP12_P323L,Spike_D614G,Spike_V483del)
hCoV-19/Crimea/RII-MH182689S/2024	EPI_ISL_19062245	2024-03-12	Europe / Crimea / Republic of Crimea / Lenino	Human	Original	Nasopharyngeal swab			Illumina NextSeq	bwa, samtools, ivar, lofreq	Stretches of NNNs (3.06% of overall sequence). Gap of 59 nucleotides when compared to the reference WIV04 sequence.	warn	JN.1.18.1 (consensus call)	GRA	(NSP5_P132H,Spike_H69del,NS7b_F19L,Spike_S50L,NSP3_G489S,NSP12_I579L,NSP4_T327I,Spike_S373P,Spike_N969K,Spike_H655Y,Spike_E484K,N_R203K,Spike_V213G,Spike_G142D,NSP3_A1892T,Spike_Q954H,N_P13L,Spike_F157S,Spike_N501Y,N_R32del,Spike_S939F,NS3_T223I,M_Q19E,NSP3_N1708S,Spike_N440K,NSP4_T492I,Spike_L455S,Spike_N460K,M_T30A,Spike_N679K,Spike_N764K,Spike_L212I,NSP6_G107del,Spike_R403K,Spike_Y505H,Spike_L216F,NSP3_T943I,Spike_E554K,M_D3H,NSP3_K1155R,Spike_D796Y,N_G204R,Spike_T478K,N_S413R,Spike_V127F,M_A63T,Spike_R346T,Spike_N481K,Spike_S371F,Spike_P1143L,Spike_T250N,Spike_N450D,NSP13_R392C,Spike_K417N,Spike_T376A,NSP6_S106del,Spike_V445H,Spike_F486P,Spike_P681R,Spike_K356T,Spike_R408S,NSP6_V24F,Spike_G339H,M_A104V,NSP14_I42V,NSP4_L264F,Spike_Y144del,Spike_H245N,NSP3_T24I,Spike_P621S,N_S33del,NSP1_S135R,Spike_S375F,N_Q229K,Spike_D405N,Spike_Q498R,Spike_G446S,NSP2_A31D,Spike_A570V,Spike_S477N,NSP3_V238L,Spike_A264D,N_E31del,Spike_N211del,NSP6_R252K,NSP6_F108del,Spike_R158G,Spike_I332V,E_T9I,Spike_V70del,Spike_L452W,NSP9_T35I,NSP12_P323L,Spike_D614G,Spike_V483del)
hCoV-19/Crimea/RII-MH182766S/2024	EPI_ISL_19062257	2024-03-10	Europe / Crimea / Sevastopol / Sevastopol	Human	Original	Nasopharyngeal swab			Illumina NextSeq	bwa, samtools, ivar, lofreq	Long stretches of NNNs (7.05% of overall sequence). Gap of 33 nucleotides when compared to the reference WIV04 sequence.	alert	JN.1.16.1 (consensus call)	GRA	(NSP5_P132H,Spike_H69del,NS7b_F19L,Spike_S50L,NSP3_G489S,NSP4_T327I,Spike_S373P,Spike_N969K,Spike_H655Y,Spike_E484K,N_R203K,Spike_V213G,Spike_G142D,NSP3_A1892T,Spike_Q954H,NSP2_N168S,N_P13L,Spike_F157S,Spike_N501Y,N_R32del,Spike_S939F,NS3_T223I,M_Q19E,NSP3_N1708S,Spike_N440K,NSP4_T492I,Spike_L455S,Spike_N460K,Spike_F456L,M_T30A,Spike_N679K,Spike_N764K,Spike_L212I,NSP6_G107del,Spike_R403K,Spike_Y505H,Spike_L216F,Spike_E554K,M_D3H,NSP3_K1155R,Spike_D796Y,N_G204R,Spike_T478K,N_S413R,Spike_V127F,M_A63T,Spike_R346T,Spike_N481K,Spike_S371F,Spike_P1143L,Spike_N450D,NSP13_R392C,Spike_K417N,Spike_T376A,NSP6_S106del,Spike_V445H,Spike_F486P,Spike_P681R,Spike_K356T,Spike_R408S,NSP6_V24F,Spike_G339H,M_A104V,NSP15_I280V,NSP4_L264F,Spike_Y144del,Spike_H245N,NSP3_T24I,Spike_P621S,N_S33del,NSP1_S135R,Spike_S375F,N_Q229K,Spike_D405N,Spike_Q498R,Spike_G446S,NSP2_A31D,Spike_A570V,Spike_S477N,NSP3_V238L,Spike_A264D,N_E31del,Spike_N211del,NSP6_R252K,NSP6_F108del,Spike_R158G,Spike_I332V,E_T9I,Spike_V70del,Spike_L452W,NSP9_T35I,NSP12_P323L,Spike_D614G,Spike_V483del)
hCoV-19/Crimea/RII-MH182799S/2024	EPI_ISL_19062280	2024-03-04	Europe / Crimea / Republic of Crimea / Kerch	Human	Original	Nasopharyngeal swab			Illumina NextSeq	bwa, samtools, ivar, lofreq	Gap of 59 nucleotides when compared to the reference WIV04 sequence.	warn	JN.1.1.5 (consensus call)	GRA	(NSP5_P132H,Spike_H69del,NS7b_F19L,Spike_S50L,NSP3_G489S,NSP4_T327I,Spike_S373P,Spike_N969K,Spike_H655Y,Spike_E484K,N_R203K,NSP2_F319L,Spike_V213G,Spike_G142D,NSP3_A1892T,Spike_Q954H,N_P13L,Spike_F157S,Spike_N501Y,N_R32del,Spike_S939F,NS3_T223I,M_Q19E,NSP3_N1708S,Spike_N440K,NSP4_T492I,Spike_L455S,Spike_N460K,M_T30A,Spike_N764K,Spike_L212I,Spike_N679M,NSP6_G107del,Spike_R403K,Spike_Y505H,Spike_L216F,Spike_E554K,M_D3H,NSP3_K1155R,Spike_D796Y,N_G204R,Spike_T478K,N_S413R,Spike_V127F,M_A63T,Spike_R346T,Spike_N481K,Spike_S371F,Spike_P1143L,Spike_N450D,NSP13_R392C,Spike_K417N,Spike_T376A,NSP6_S106del,Spike_V445H,Spike_F486P,Spike_P681R,Spike_K356T,Spike_R408S,NSP6_V24F,Spike_G339H,M_A104V,NSP14_I42V,NSP4_L264F,Spike_Y144del,Spike_H245N,NSP3_T24I,Spike_P621S,N_S33del,NSP1_S135R,Spike_S375F,N_Q229K,Spike_D405N,Spike_Q498R,Spike_G446S,NSP2_A31D,Spike_A570V,Spike_S477N,NSP3_V238L,Spike_A264D,N_E31del,Spike_N211del,NSP6_R252K,NSP15_T112I,NSP6_F108del,Spike_R158G,Spike_I332V,E_T9I,Spike_V70del,NS7a_Q94H,Spike_L452W,NSP9_T35I,NSP12_P323L,Spike_D614G,Spike_V483del)
hCoV-19/Crimea/RII-MH182631S/2024	EPI_ISL_19062297	2024-03-26	Europe / Crimea / Republic of Crimea / Feodosiya	Human	Original	Nasopharyngeal swab			Illumina NextSeq	bwa, samtools, ivar, lofreq	Gap of 59 nucleotides when compared to the reference WIV04 sequence.	warn	JN.1.4 (consensus call)	GRA	(NSP5_P132H,Spike_H69del,NS7b_L4F,NSP3_G489S,NSP4_T327I,Spike_S373P,Spike_N969K,Spike_H655Y,Spike_E484K,NSP3_A1892T,Spike_Q954H,N_P13L,Spike_N501Y,NSP14_A320S,Spike_S939F,NS3_T223I,M_Q19E,NSP4_T492I,Spike_L455S,Spike_N460K,Spike_L212I,NSP6_G107del,NSP1_T170I,Spike_E554K,NSP3_K1155R,Spike_P1143L,Spike_P85S,Spike_F486P,Spike_K356T,Spike_R408S,M_A104V,Spike_P621S,Spike_H245N,Spike_S375F,Spike_Q498R,Spike_A570V,NSP2_E206K,NSP3_V238L,N_E31del,NSP6_R252K,NSP15_T112I,Spike_I332V,E_T9I,NSP12_P323L,Spike_D614G,Spike_V483del,NS7b_F19L,Spike_S50L,N_R203K,Spike_V213G,Spike_G142D,Spike_F157S,N_R32del,Spike_V1133A,NSP3_N1708S,Spike_N440K,M_T30A,Spike_N679K,Spike_N764K,Spike_R403K,Spike_Y505H,Spike_L216F,M_D3H,Spike_D796Y,N_G204R,Spike_T478K,N_S413R,Spike_V127F,M_A63T,Spike_N481K,Spike_S371F,Spike_N450D,NSP13_R392C,Spike_K417N,Spike_T376A,NSP6_S106del,Spike_V445H,Spike_P681R,NSP6_V24F,Spike_G339H,NSP14_I42V,NSP4_L264F,Spike_Y144del,NSP3_T24I,N_S33del,NSP1_S135R,N_Q229K,Spike_D405N,Spike_G446S,NSP2_A31D,Spike_L8V,Spike_S477N,Spike_A264D,Spike_N211del,NSP6_F108del,Spike_R158G,Spike_V70del,Spike_L452W,NSP9_T35I)
hCoV-19/Crimea/RII-MH182786S/2024	EPI_ISL_19062308	2024-03-12	Europe / Crimea / Republic of Crimea / Kerch	Human	Original	Nasopharyngeal swab			Illumina NextSeq	bwa, samtools, ivar, lofreq	Stretches of NNNs (1.34% of overall sequence). Gap of 59 nucleotides when compared to the reference WIV04 sequence.	warn	JN.1.7 (consensus call)	GRA	(NSP5_P132H,Spike_H69del,NSP3_G489S,NSP4_T327I,Spike_S373P,Spike_E484K,Spike_H655Y,Spike_N969K,NSP3_A1892T,Spike_Q954H,Spike_E1150D,Spike_A701T,N_P13L,Spike_N501Y,Spike_S939F,Spike_T572I,NS3_T223I,M_Q19E,NSP4_T492I,Spike_L455S,Spike_N460K,Spike_L212I,NSP6_G107del,Spike_E554K,NSP3_K1155R,Spike_P1143L,Spike_F486P,Spike_K356T,Spike_R408S,M_A104V,Spike_P621S,Spike_H245N,Spike_S375F,Spike_Q498R,Spike_A570V,NSP3_V238L,N_E31del,NSP6_R252K,NSP15_T112I,Spike_I332V,E_T9I,NSP12_P323L,Spike_D614G,Spike_V483del,NS7b_F19L,Spike_S50L,N_R203K,Spike_V213G,Spike_G142D,Spike_F157S,N_R32del,NSP3_N1708S,Spike_N440K,NSP3_D695G,M_T30A,Spike_N679K,Spike_N764K,Spike_R403K,Spike_Y505H,Spike_L216F,M_D3H,Spike_D796Y,N_G204R,Spike_T478K,N_S413R,Spike_V127F,M_A63T,Spike_N481K,Spike_S371F,Spike_N450D,NSP13_R392C,Spike_K417N,Spike_T376A,NSP6_S106del,Spike_V445H,Spike_P681R,NSP6_V24F,Spike_G339H,NSP14_I42V,NSP4_L264F,Spike_Y144del,NSP3_T24I,N_S33del,NSP1_S135R,N_Q229K,Spike_D405N,Spike_G446S,NSP2_A31D,Spike_S477N,Spike_A264D,Spike_N211del,NSP6_F108del,Spike_R158G,Spike_V70del,Spike_L452W,NSP9_T35I)
hCoV-19/Crimea/RII-MH182670S/2024	EPI_ISL_19062322	2024-03-27	Europe / Crimea / Republic of Crimea / Kerch	Human	Original	Nasopharyngeal swab			Illumina NextSeq	bwa, samtools, ivar, lofreq	Gap of 62 nucleotides when compared to the reference WIV04 sequence.	warn	JN.1.16.1 (consensus call)	GRA	(NSP5_P132H,Spike_H69del,NSP3_G489S,NSP4_T327I,Spike_S373P,Spike_E484K,Spike_H655Y,Spike_N969K,NSP3_A1892T,Spike_Q954H,NSP2_N168S,N_P13L,Spike_N501Y,Spike_S939F,NS3_T223I,M_Q19E,NSP4_T492I,Spike_L455S,Spike_N460K,Spike_L212I,NSP6_G107del,Spike_E554K,NSP3_K1155R,NS3_V255del,Spike_P1143L,Spike_F486P,Spike_K356T,Spike_R408S,M_A104V,Spike_P621S,Spike_H245N,Spike_S375F,Spike_Q498R,Spike_A570V,NSP3_V238L,N_E31del,NSP6_R252K,NSP15_T112I,Spike_I332V,E_T9I,NSP12_P323L,Spike_D614G,Spike_V483del,NS7b_F19L,Spike_S50L,N_R203K,Spike_V213G,Spike_G142D,Spike_F157S,N_R32del,NSP3_N1708S,Spike_N440K,Spike_F456L,M_T30A,Spike_N679K,Spike_N764K,Spike_R403K,Spike_Y505H,Spike_L216F,M_D3H,Spike_D796Y,N_G204R,Spike_T478K,N_S413R,Spike_V127F,M_A63T,Spike_R346T,Spike_N481K,Spike_S371F,Spike_N450D,NSP13_R392C,Spike_K417N,Spike_T376A,NSP6_S106del,Spike_V445H,Spike_P681R,NSP6_V24F,Spike_G339H,NSP14_I42V,NSP4_L264F,Spike_Y144del,NSP3_T24I,N_S33del,NSP1_S135R,N_Q229K,Spike_D405N,Spike_G446S,NSP2_A31D,Spike_S477N,Spike_A264D,Spike_N211del,NSP6_F108del,Spike_R158G,Spike_V70del,Spike_L452W,NSP9_T35I)
hCoV-19/Crimea/RII-MH182704S/2024	EPI_ISL_19062328	2024-03-21	Europe / Crimea / Republic of Crimea / Bakhchisaray	Human	Original	Nasopharyngeal swab			Illumina NextSeq	bwa, samtools, ivar, lofreq	NS8_G8stop results in 94.2% truncation of the protein sequence. Gap of 59 nucleotides when compared to the reference WIV04 sequence.	warn	XDD (consensus call)	GRA	(NSP5_P132H,Spike_H69del,NSP2_A510V,Spike_S50L,NSP3_G489S,NSP4_T327I,Spike_S373P,Spike_N969K,Spike_H655Y,Spike_E484K,N_R203K,Spike_V213G,Spike_G142D,NSP3_A1892T,Spike_Q954H,N_P13L,Spike_F157S,Spike_N501Y,N_R32del,Spike_S939F,NS3_T223I,M_Q19E,NSP3_N1708S,Spike_N440K,NSP4_T492I,Spike_L455S,Spike_N460K,Spike_N679K,Spike_N764K,Spike_L212I,E_T11A,NSP6_G107del,Spike_R403K,Spike_Y505H,Spike_L216F,Spike_E554K,Spike_D796Y,N_G204R,Spike_T478K,N_S413R,Spike_V127F,M_A63T,Spike_N481K,Spike_S371F,Spike_P1143L,Spike_N450D,NSP13_R392C,Spike_K417N,Spike_T376A,NSP6_S106del,NS8_G8stop,Spike_V445H,Spike_F486P,Spike_P681R,Spike_K356T,Spike_R408S,NSP6_V24F,Spike_G339H,NSP14_I42V,NSP4_L264F,Spike_Y144del,Spike_H245N,NSP3_T24I,Spike_P621S,N_S33del,NSP1_S135R,Spike_S375F,NSP3_G1001S,Spike_D405N,Spike_Q498R,Spike_G446S,Spike_A570V,Spike_S477N,Spike_A264D,N_E31del,Spike_N211del,NSP6_R252K,NSP15_T112I,NSP6_F108del,Spike_R158G,Spike_I332V,E_T9I,Spike_V70del,NSP1_K47R,Spike_L452W,NSP9_T35I,NSP12_P323L,Spike_D614G,Spike_V483del)
hCoV-19/Crimea/RII-MH182680S/2024	EPI_ISL_19062334	2024-03-26	Europe / Crimea / Republic of Crimea / Feodosiya	Human	Original	Nasopharyngeal swab			Illumina NextSeq	bwa, samtools, ivar, lofreq	Stretches of NNNs (3.78% of overall sequence). Gap of 33 nucleotides when compared to the reference WIV04 sequence.	warn	JN.1.4 (consensus call)	GRA	(NSP5_P132H,Spike_H69del,NS7b_L4F,NSP3_G489S,NSP4_T327I,Spike_S373P,Spike_N969K,Spike_H655Y,Spike_E484K,NSP3_A1892T,Spike_Q954H,N_P13L,Spike_N501Y,NSP14_A320S,Spike_S939F,NS3_T223I,M_Q19E,NSP4_T492I,Spike_L455S,Spike_N460K,Spike_L212I,NSP6_G107del,NSP1_T170I,Spike_E554K,NSP3_K1155R,Spike_P1143L,Spike_P85S,Spike_F486P,Spike_K356T,Spike_R408S,M_A104V,Spike_P621S,Spike_H245N,Spike_S375F,Spike_Q498R,Spike_A570V,NSP2_E206K,NSP3_V238L,N_E31del,NSP6_R252K,NSP15_T112I,Spike_I332V,E_T9I,NSP12_P323L,Spike_D614G,Spike_V483del,NS7b_F19L,Spike_S50L,N_R203K,Spike_V213G,Spike_G142D,Spike_F157S,N_R32del,Spike_V1133A,NSP3_N1708S,Spike_N440K,M_T30A,Spike_N679K,Spike_N764K,Spike_R403K,Spike_Y505H,Spike_L216F,M_D3H,Spike_D796Y,N_G204R,Spike_T478K,N_S413R,Spike_V127F,M_A63T,Spike_N481K,Spike_S371F,Spike_N450D,NSP13_R392C,Spike_K417N,Spike_T376A,NSP6_S106del,Spike_V445H,Spike_P681R,NSP6_V24F,Spike_G339H,NSP4_L264F,Spike_Y144del,NSP3_T24I,N_S33del,NSP1_S135R,N_Q229K,Spike_D405N,Spike_G446S,NSP2_A31D,Spike_L8V,Spike_S477N,Spike_A264D,Spike_N211del,NSP6_F108del,Spike_R158G,Spike_V70del,Spike_L452W,NSP9_T35I)
hCoV-19/Crimea/RII-MH182820S/2024	EPI_ISL_19062338	2024-03-06	Europe / Crimea / Republic of Crimea / Feodosiya	Human	Original	Nasopharyngeal swab			Illumina NextSeq	bwa, samtools, ivar, lofreq	Stretches of NNNs (3.19% of overall sequence). Gap of 33 nucleotides when compared to the reference WIV04 sequence.	warn	GE.1	GRA	(NSP5_P132H,NSP12_G671S,NSP3_G489S,Spike_L24del,NSP4_T327I,Spike_S373P,Spike_N969K,Spike_H655Y,N_R203K,Spike_G142D,Spike_A27S,NSP13_I572V,Spike_Q954H,Spike_H146K,N_P13L,Spike_N501Y,Spike_P25del,N_R32del,Spike_V213E,NS3_T223I,Spike_T19I,NSP3_G1273S,M_Q19E,Spike_N440K,Spike_D253G,NSP4_T492I,Spike_N460K,Spike_N679K,Spike_N764K,E_T11A,NSP6_G107del,Spike_Y505H,Spike_D796Y,N_G204R,NS3_T175I,N_S413R,NSP2_G481S,M_A63T,Spike_T478R,Spike_R346T,Spike_F186I,Spike_P521S,Spike_S371F,Spike_V445P,NSP13_R392C,Spike_K417N,Spike_L368I,Spike_T376A,NSP6_S106del,Spike_F490S,Spike_F486P,Spike_R408S,NSP4_L438F,Spike_G339H,NSP4_L264F,Spike_P681H,Spike_Y144del,Spike_V83A,NSP3_T24I,Spike_D80Y,N_S33del,NSP1_S135R,Spike_S375F,Spike_D405N,Spike_Q498R,Spike_G446S,M_R146H,NSP3_V286I,Spike_Q183E,NSP13_Y217H,NSP3_S126P,Spike_N185del,Spike_S477N,NSP3_K1024N,N_E31del,NSP15_T112I,NSP6_F108del,Spike_E484A,NSP1_H165Y,E_T9I,NS7a_A13V,NSP1_K47R,Spike_P26del,NSP12_P323L,Spike_D614G,NSP14_A371V)
hCoV-19/Crimea/RII-MH182650S/2024	EPI_ISL_19062339	2024-03-26	Europe / Crimea / Republic of Crimea / Feodosiya	Human	Original	Nasopharyngeal swab			Illumina NextSeq	bwa, samtools, ivar, lofreq	Stretches of NNNs (2.31% of overall sequence). Gap of 59 nucleotides when compared to the reference WIV04 sequence. NS7b without BLAST coverage.	warn	JN.1	GRA	(NSP5_P132H,Spike_H69del,NSP3_G489S,NSP4_T327I,Spike_S373P,Spike_E484K,Spike_H655Y,Spike_N969K,NSP3_A1892T,Spike_Q954H,N_P13L,Spike_N501Y,Spike_S939F,NS3_T223I,NSP3_P1228L,NSP4_T83I,M_Q19E,NSP4_T492I,Spike_L455S,Spike_N460K,Spike_L212I,NSP6_G107del,Spike_E554K,NSP3_K1155R,Spike_P1143L,NSP1_T151N,Spike_F486P,Spike_K356T,Spike_R408S,M_A104V,Spike_P621S,Spike_H245N,Spike_S375F,Spike_Q498R,Spike_A570V,NSP8_T148I,NSP3_V238L,N_E31del,NSP6_R252K,NSP15_T112I,Spike_I332V,E_T9I,NSP12_P323L,Spike_D614G,Spike_V483del,Spike_S50L,N_R203K,Spike_V213G,Spike_G142D,Spike_F157S,N_R32del,NSP13_A4V,NSP3_N1708S,Spike_N440K,M_T30A,Spike_N679K,Spike_N764K,Spike_R403K,Spike_Y505H,Spike_L216F,M_D3H,Spike_D796Y,N_G204R,Spike_T478K,N_S413R,Spike_V127F,M_A63T,Spike_N481K,Spike_S371F,Spike_N450D,NSP13_R392C,Spike_K417N,Spike_T376A,NSP6_S106del,Spike_V445H,Spike_P681R,NSP6_V24F,Spike_G339H,NSP14_I42V,NSP4_L264F,Spike_Y144del,NSP3_T24I,N_S33del,NSP1_S135R,N_Q229K,Spike_D405N,Spike_G446S,NSP2_A31D,Spike_S477N,Spike_A264D,Spike_N211del,NSP6_F108del,Spike_R158G,Spike_V70del,Spike_L452W,NSP9_T35I)
hCoV-19/Crimea/RII-MH182691S/2024	EPI_ISL_19062355	2024-03-28	Europe / Crimea / Republic of Crimea / Feodosiya	Human	Original	Nasopharyngeal swab			Illumina NextSeq	bwa, samtools, ivar, lofreq	Long stretches of NNNs (9.57% of overall sequence). Gap of 24 nucleotides when compared to the reference WIV04 sequence. NS7a without BLAST coverage. NS7b without BLAST coverage. NS8 without BLAST coverage.	alert	JN.1 (consensus call)	GRA	(NSP5_P132H,Spike_H69del,Spike_S50L,NSP3_G489S,NSP4_T327I,Spike_S373P,Spike_N969K,Spike_H655Y,Spike_E484K,N_R203K,Spike_V213G,Spike_G142D,NSP3_A1892T,Spike_Q954H,N_P13L,Spike_F157S,Spike_N501Y,Spike_S939F,NS3_T223I,NSP3_P1228L,NSP13_A4V,NSP4_T83I,M_Q19E,NSP3_N1708S,Spike_N440K,NSP4_T492I,Spike_L455S,Spike_N460K,M_T30A,Spike_N679K,Spike_N764K,Spike_L212I,NSP6_G107del,Spike_R403K,Spike_Y505H,Spike_L216F,Spike_E554K,M_D3H,NSP3_K1155R,Spike_D796Y,N_G204R,Spike_T478K,N_S413R,Spike_V127F,M_A63T,Spike_N481K,Spike_S371F,Spike_P1143L,Spike_N450D,NSP13_R392C,Spike_K417N,Spike_T376A,NSP6_S106del,Spike_V445H,NSP1_T151N,Spike_F486P,Spike_P681R,Spike_K356T,NSP6_V24F,Spike_R408S,Spike_G339H,M_A104V,NSP4_L264F,Spike_Y144del,Spike_H245N,NSP3_T24I,Spike_P621S,NSP1_S135R,Spike_S375F,N_Q229K,Spike_D405N,Spike_Q498R,Spike_G446S,NSP2_A31D,Spike_A570V,Spike_S477N,NSP3_V238L,NSP8_T148I,Spike_A264D,Spike_N211del,NSP6_R252K,NSP15_T112I,NSP6_F108del,Spike_R158G,Spike_I332V,E_T9I,Spike_V70del,Spike_L452W,NSP9_T35I,NSP12_P323L,Spike_D614G,Spike_V483del)
hCoV-19/Crimea/RII-MH182634S/2024	EPI_ISL_19062371	2024-03-24	Europe / Crimea / Republic of Crimea / Feodosiya	Human	Original	Nasopharyngeal swab			Illumina NextSeq	bwa, samtools, ivar, lofreq	Stretches of NNNs (2.88% of overall sequence). Gap of 33 nucleotides when compared to the reference WIV04 sequence.	warn	JN.1	GRA	(NSP5_P132H,Spike_H69del,NSP3_G489S,NSP4_T327I,Spike_S373P,Spike_E484K,Spike_H655Y,Spike_N969K,NSP3_A1892T,Spike_Q954H,N_P13L,Spike_N501Y,Spike_S939F,NS3_T223I,NSP4_T83I,M_Q19E,NSP4_T492I,Spike_L455S,Spike_N460K,Spike_L212I,NSP6_G107del,Spike_E554K,NSP3_K1155R,Spike_P1143L,NSP1_T151N,Spike_F486P,Spike_K356T,Spike_R408S,M_A104V,Spike_P621S,Spike_H245N,Spike_S375F,Spike_Q498R,Spike_A570V,NSP8_T148I,NSP3_V238L,N_E31del,NSP6_R252K,NSP15_T112I,Spike_I332V,E_T9I,NSP12_P323L,Spike_D614G,Spike_V483del,NS7b_F19L,Spike_S50L,N_R203K,Spike_V213G,Spike_G142D,Spike_F157S,N_R32del,NSP13_A4V,NSP3_N1708S,Spike_N440K,M_T30A,Spike_N679K,Spike_N764K,Spike_R403K,Spike_Y505H,Spike_L216F,M_D3H,Spike_D796Y,N_G204R,Spike_T478K,N_S413R,Spike_V127F,M_A63T,Spike_N481K,Spike_S371F,Spike_N450D,NSP13_R392C,Spike_K417N,Spike_T376A,NSP6_S106del,Spike_V445H,Spike_P681R,NSP6_V24F,Spike_G339H,NSP4_L264F,Spike_Y144del,NSP3_T24I,N_S33del,NSP1_S135R,N_Q229K,Spike_D405N,Spike_G446S,NSP2_A31D,Spike_S477N,Spike_A264D,Spike_N211del,NSP6_F108del,Spike_R158G,Spike_V70del,Spike_L452W,NSP9_T35I)
hCoV-19/Crimea/RII-MH182685S/2024	EPI_ISL_19062373	2024-03-21	Europe / Crimea / Republic of Crimea / Kerch	Human	Original	Nasopharyngeal swab			Illumina NextSeq	bwa, samtools, ivar, lofreq	Gap of 59 nucleotides when compared to the reference WIV04 sequence.	warn	JN.1.16 (consensus call)	GRA	(NSP5_P132H,Spike_H69del,NSP3_G489S,NSP4_T327I,Spike_S373P,Spike_E484K,Spike_H655Y,Spike_N969K,NSP3_A1892T,Spike_Q954H,N_P13L,Spike_N501Y,Spike_S939F,NS3_T223I,M_Q19E,NSP4_T492I,Spike_L455S,Spike_N460K,Spike_L212I,NSP6_G107del,Spike_E554K,NSP3_K1155R,Spike_P1143L,Spike_F486P,Spike_K356T,Spike_R408S,M_A104V,Spike_P621S,Spike_H245N,Spike_S375F,Spike_Q498R,Spike_A570V,NSP3_V238L,N_E31del,NSP6_R252K,NSP15_T112I,Spike_I332V,E_T9I,NSP12_P323L,Spike_D614G,Spike_V483del,NS7b_F19L,Spike_S50L,NS3_Q38E,N_R203K,Spike_V213G,Spike_G142D,Spike_F157S,N_R32del,NSP3_N1708S,Spike_N440K,Spike_F456L,M_T30A,Spike_N679K,Spike_N764K,Spike_R403K,Spike_Y505H,Spike_L216F,M_D3H,Spike_D796Y,N_G204R,Spike_T478K,N_S413R,Spike_V127F,M_A63T,NSP6_L37F,Spike_N481K,Spike_S371F,Spike_N450D,NSP13_R392C,Spike_K417N,Spike_T376A,NSP6_S106del,Spike_V445H,Spike_P681R,NSP6_V24F,Spike_G339H,NSP14_I42V,NSP4_L264F,Spike_Y144del,NSP3_T24I,N_S33del,NSP1_S135R,N_Q229K,Spike_D405N,Spike_G446S,NSP2_A31D,Spike_S477N,Spike_A264D,Spike_N211del,NSP6_F108del,Spike_R158G,Spike_V70del,Spike_L452W,NSP9_T35I)
hCoV-19/Crimea/RII-MH182681S/2024	EPI_ISL_19062375	2024-03-31	Europe / Crimea / Republic of Crimea / Feodosiya	Human	Original	Nasopharyngeal swab			Illumina NextSeq	bwa, samtools, ivar, lofreq	Gap of 59 nucleotides when compared to the reference WIV04 sequence.	warn	JN.1	GRA	(NSP5_P132H,Spike_H69del,NSP3_G489S,NSP4_T327I,Spike_S373P,Spike_N969K,Spike_H655Y,Spike_E484K,NSP3_A1892T,Spike_Q954H,N_P13L,Spike_N501Y,Spike_S939F,NS3_T223I,NSP3_P1228L,NSP4_T83I,M_Q19E,NSP4_T492I,Spike_L455S,Spike_N460K,Spike_L212I,NSP6_G107del,Spike_E554K,NSP3_K1155R,Spike_P1143L,NSP1_T151N,Spike_F486P,Spike_K356T,Spike_R408S,M_A104V,Spike_P621S,Spike_H245N,Spike_S375F,Spike_Q498R,Spike_A570V,NSP8_T148I,NSP3_V238L,N_E31del,NSP6_R252K,NSP15_T112I,Spike_I332V,E_T9I,NSP12_P323L,Spike_D614G,Spike_V483del,NS7b_F19L,Spike_S50L,N_R203K,Spike_V213G,Spike_G142D,Spike_F157S,N_R32del,NSP13_A4V,NSP3_N1708S,Spike_N440K,M_T30A,Spike_N679K,Spike_N764K,Spike_R403K,Spike_Y505H,Spike_L216F,M_D3H,Spike_D796Y,N_G204R,Spike_T478K,N_S413R,Spike_V127F,M_A63T,Spike_N481K,Spike_S371F,Spike_N450D,NSP13_R392C,Spike_K417N,Spike_T376A,NSP6_S106del,Spike_V445H,Spike_P681R,NSP6_V24F,Spike_G339H,NSP14_I42V,NSP4_L264F,Spike_Y144del,NSP3_T24I,N_S33del,NSP1_S135R,N_Q229K,Spike_D405N,Spike_G446S,NSP2_A31D,Spike_S477N,Spike_A264D,Spike_N211del,NSP6_F108del,Spike_R158G,Spike_V70del,Spike_L452W,NSP9_T35I)
hCoV-19/Crimea/RII-MH182690S/2024	EPI_ISL_19062384	2024-03-27	Europe / Crimea / Republic of Crimea / Kerch	Human	Original	Nasopharyngeal swab			Illumina NextSeq	bwa, samtools, ivar, lofreq	Gap of 59 nucleotides when compared to the reference WIV04 sequence.	warn	JN.1	GRA	(NSP5_P132H,Spike_H69del,NS7b_F19L,Spike_S50L,NSP3_G489S,NSP4_T327I,Spike_S373P,Spike_N969K,Spike_H655Y,Spike_E484K,N_R203K,Spike_V213G,Spike_G142D,NSP3_A1892T,Spike_Q954H,N_P13L,Spike_F157S,Spike_N501Y,N_R32del,Spike_S939F,NS3_T223I,NSP4_T83I,M_Q19E,NSP3_N1708S,Spike_N440K,NSP4_T492I,Spike_L455S,Spike_N460K,M_T30A,Spike_N679K,Spike_N764K,Spike_L212I,NSP6_G107del,Spike_R403K,Spike_Y505H,Spike_L216F,Spike_E554K,M_D3H,NSP3_K1155R,Spike_D796Y,N_G204R,Spike_T478K,N_S413R,Spike_V127F,M_A63T,Spike_N481K,Spike_S371F,Spike_P1143L,Spike_N450D,NSP13_R392C,Spike_K417N,Spike_T376A,NSP6_S106del,Spike_V445H,Spike_F486P,Spike_P681R,Spike_K356T,Spike_R408S,NSP6_V24F,Spike_G339H,M_A104V,NSP14_I42V,NSP4_L264F,Spike_Y144del,Spike_H245N,NSP3_T24I,Spike_P621S,N_S33del,NSP1_S135R,Spike_S375F,Spike_D405N,Spike_Q498R,Spike_G446S,NSP2_A31D,Spike_A570V,Spike_S477N,NSP3_V238L,Spike_A264D,N_E31del,Spike_N211del,NSP6_R252K,NSP15_T112I,NSP6_F108del,Spike_R158G,Spike_I332V,E_T9I,Spike_V70del,Spike_L452W,NSP9_T35I,NSP12_P323L,Spike_D614G,Spike_V483del)
hCoV-19/Crimea/RII-MH182796S/2024	EPI_ISL_19062385	2024-03-07	Europe / Crimea / Republic of Crimea / Simferopol	Human	Original	Nasopharyngeal swab			Illumina NextSeq	bwa, samtools, ivar, lofreq	Long stretches of NNNs (6.01% of overall sequence). Gap of 59 nucleotides when compared to the reference WIV04 sequence.	alert	JN.1.16.1 (consensus call)	GRA	(NSP5_P132H,Spike_H69del,NS7b_F19L,Spike_S50L,NSP3_G489S,NSP4_T327I,Spike_S373P,Spike_N969K,Spike_H655Y,Spike_E484K,N_R203K,Spike_V213G,Spike_G142D,NSP3_A1892T,Spike_Q954H,NSP2_N168S,N_P13L,Spike_F157S,Spike_N501Y,N_R32del,Spike_S939F,NS3_T223I,M_Q19E,NSP3_N1708S,Spike_N440K,NSP4_T492I,Spike_L455S,Spike_N460K,Spike_F456L,M_T30A,Spike_N679K,Spike_N764K,Spike_L212I,NSP6_G107del,Spike_R403K,Spike_Y505H,Spike_L216F,Spike_E554K,M_D3H,NSP3_K1155R,Spike_D796Y,N_G204R,Spike_T478K,N_S413R,Spike_V127F,M_A63T,Spike_R346T,Spike_N481K,Spike_S371F,Spike_P1143L,Spike_N450D,NSP13_R392C,Spike_K417N,Spike_T376A,NSP6_S106del,Spike_V445H,Spike_F486P,Spike_P681R,Spike_K356T,Spike_R408S,NSP6_V24F,Spike_G339H,M_A104V,NSP4_L264F,Spike_Y144del,Spike_H245N,NSP3_T24I,Spike_P621S,N_S33del,NSP1_S135R,Spike_S375F,N_Q229K,Spike_D405N,Spike_Q498R,Spike_G446S,NSP2_A31D,Spike_A570V,Spike_S477N,NSP3_V238L,Spike_A264D,N_E31del,Spike_N211del,NSP6_R252K,NSP6_F108del,Spike_R158G,Spike_I332V,E_T9I,Spike_V70del,Spike_L452W,NSP9_T35I,NSP12_P323L,Spike_D614G,Spike_V483del)
hCoV-19/Crimea/RII-MH182817S/2024	EPI_ISL_19062390	2024-03-08	Europe / Crimea / Republic of Crimea / Kerch	Human	Original	Nasopharyngeal swab			Illumina NextSeq	bwa, samtools, ivar, lofreq	Stretches of NNNs (2.79% of overall sequence). Gap of 59 nucleotides when compared to the reference WIV04 sequence.	warn	JN.1	GRA	(NSP5_P132H,Spike_H69del,NS7b_F19L,Spike_S50L,NSP3_G489S,NSP4_T327I,Spike_S373P,Spike_N969K,Spike_H655Y,Spike_E484K,N_R203K,Spike_V213G,Spike_G142D,NSP3_A1892T,Spike_Q954H,N_P13L,Spike_F157S,Spike_N501Y,N_R32del,Spike_S939F,NS3_T223I,M_Q19E,NSP3_N1708S,Spike_N440K,NSP4_T492I,Spike_L455S,Spike_N460K,M_T30A,Spike_N679K,Spike_N764K,Spike_L212I,NSP6_G107del,Spike_R403K,Spike_Y505H,Spike_L216F,Spike_E554K,M_D3H,NSP3_K1155R,Spike_D796Y,N_G204R,Spike_T478K,N_S413R,Spike_V127F,M_A63T,Spike_N481K,Spike_S371F,Spike_P1143L,Spike_N450D,NSP13_R392C,Spike_K417N,Spike_H1088R,Spike_T376A,NSP6_S106del,Spike_V445H,Spike_F486P,Spike_P681R,Spike_K356T,Spike_R408S,NSP6_V24F,Spike_G339H,M_A104V,NSP4_L264F,Spike_Y144del,Spike_H245N,NSP3_T24I,Spike_P621S,N_S33del,NSP1_S135R,Spike_S375F,N_Q229K,Spike_D405N,Spike_Q498R,Spike_G446S,NSP2_A31D,Spike_A570V,Spike_S477N,NSP3_V238L,Spike_A264D,N_E31del,Spike_N211del,NSP6_R252K,NSP15_T112I,NSP6_F108del,Spike_R158G,Spike_I332V,E_T9I,Spike_V70del,Spike_L452W,NSP9_T35I,NSP12_P323L,Spike_D614G,Spike_V483del)
hCoV-19/Crimea/RII-MH190318S/2024	EPI_ISL_19231818	2024-05-03	Europe / Crimea / Republic of Crimea / Feodosiya	Human	Original	Nasopharyngeal swab			MGI DNBSEQ-G400	bwa, samtools, ivar, lofreq	Stretches of NNNs (1.36% of overall sequence). NS8_G8stop results in 94.2% truncation of the protein sequence. Insertion of 12 nucleotides when compared to the reference WIV04 sequence. Gap of 59 nucleotides when compared to the reference WIV04 sequence.	warn	XDD (consensus call)	GRA	(NSP5_P132H,Spike_H69del,NSP2_A510V,Spike_S50L,NSP3_G489S,NSP4_T327I,Spike_S373P,Spike_N969K,Spike_H655Y,Spike_E484K,N_R203K,Spike_V213G,Spike_G142D,NSP3_A1892T,Spike_Q954H,N_P13L,Spike_F157S,Spike_N501Y,N_R32del,Spike_S939F,NS3_T223I,M_Q19E,NSP3_N1708S,Spike_N440K,NSP4_T492I,Spike_L455S,Spike_N460K,Spike_N679K,Spike_N764K,Spike_L212I,E_T11A,NSP6_G107del,Spike_R403K,Spike_Y505H,Spike_L216F,Spike_E554K,Spike_D796Y,N_G204R,Spike_T478K,N_S413R,Spike_V127F,M_A63T,Spike_N481K,Spike_S371F,Spike_P1143L,Spike_N450D,NSP13_R392C,Spike_K417N,Spike_ins16MPLF,Spike_T376A,NSP6_S106del,NS8_G8stop,Spike_V445H,NSP4_A65V,Spike_F486P,Spike_P681R,Spike_K356T,Spike_R408S,NSP6_V24F,Spike_G339H,NSP4_L264F,Spike_Y144del,Spike_H245N,NSP3_T24I,Spike_P621S,N_S33del,NSP1_S135R,Spike_S375F,NSP3_G1001S,Spike_D405N,Spike_Q498R,Spike_G446S,Spike_A570V,Spike_S477N,Spike_A264D,N_E31del,Spike_N211del,NSP6_R252K,NSP15_T112I,NSP6_F108del,Spike_R158G,Spike_I332V,E_T9I,Spike_V70del,NSP1_K47R,Spike_G1219C,Spike_L452W,NSP9_T35I,NSP12_P323L,Spike_D614G,Spike_V483del)
hCoV-19/Crimea/RII-MH190321S/2024	EPI_ISL_19231820	2024-05-21	Europe / Crimea / Republic of Crimea / Kerch	Human	Original	Nasopharyngeal swab			MGI DNBSEQ-G400	bwa, samtools, ivar, lofreq	Stretches of NNNs (2.88% of overall sequence). Insertion of 12 nucleotides when compared to the reference WIV04 sequence. Gap of 68 nucleotides when compared to the reference WIV04 sequence.	warn	JN.1.7 (consensus call)	GRA	(NSP5_P132H,Spike_H69del,NSP3_G489S,Spike_L24del,NSP4_T327I,Spike_S373P,Spike_N969K,Spike_H655Y,Spike_E484K,NSP3_A1892T,Spike_Q954H,Spike_E1150D,Spike_A701T,N_P13L,Spike_P25del,Spike_N501Y,Spike_S939F,Spike_T572I,NS3_T223I,M_Q19E,NSP4_T492I,Spike_L455S,Spike_N460K,Spike_L212I,NSP6_G107del,Spike_E554K,NSP3_K1155R,Spike_P1143L,Spike_F486P,Spike_K356T,Spike_R408S,M_A104V,Spike_P621S,Spike_H245N,Spike_S375F,Spike_Q498R,Spike_A570V,NSP3_V238L,N_E31del,NSP6_R252K,NSP15_T112I,Spike_I332V,E_T9I,Spike_P26del,NSP12_P323L,Spike_D614G,Spike_V483del,NS7b_F19L,Spike_S50L,N_R203K,Spike_V213G,Spike_G142D,Spike_A27S,Spike_F157S,N_R32del,NSP3_N1708S,Spike_N440K,NSP3_D695G,M_T30A,Spike_N679K,Spike_N764K,Spike_R403K,Spike_Y505H,Spike_L216F,M_D3H,Spike_D796Y,N_G204R,Spike_T478K,N_S413R,Spike_V127F,M_A63T,Spike_N481K,Spike_S371F,Spike_N450D,NSP13_R392C,Spike_K417N,Spike_ins16MPLF,Spike_T376A,NSP6_S106del,Spike_V445H,Spike_P681R,NSP6_V24F,Spike_G339H,NSP4_L264F,Spike_Y144del,NSP3_T24I,N_S33del,NSP1_S135R,N_Q229K,Spike_D405N,Spike_G446S,NSP2_A31D,Spike_S477N,Spike_A264D,Spike_N211del,NSP6_F108del,Spike_R158G,Spike_V70del,Spike_L452W,NSP9_T35I)
hCoV-19/Crimea/RII-MH190333S/2024	EPI_ISL_19231830	2024-04-27	Europe / Crimea / Republic of Crimea / Feodosiya	Human	Original	Nasopharyngeal swab			MGI DNBSEQ-G400	bwa, samtools, ivar, lofreq	NS8_G8stop results in 94.2% truncation of the protein sequence. Insertion of 12 nucleotides when compared to the reference WIV04 sequence. Gap of 59 nucleotides when compared to the reference WIV04 sequence.	warn	JN.1 (consensus call)	GRA	(NSP5_P132H,Spike_H69del,NSP2_A510V,Spike_S50L,NSP3_G489S,NSP4_T327I,Spike_S373P,Spike_N969K,Spike_H655Y,Spike_E484K,N_R203K,Spike_V213G,Spike_G142D,NSP3_A1892T,Spike_Q954H,N_P13L,Spike_F157S,Spike_N501Y,N_R32del,Spike_S939F,NS3_T223I,M_Q19E,NSP3_N1708S,Spike_N440K,NSP4_T492I,Spike_L455S,Spike_N460K,Spike_N679K,Spike_N764K,Spike_L212I,E_T11A,NSP6_G107del,Spike_R403K,Spike_Y505H,Spike_L216F,Spike_E554K,Spike_D796Y,N_G204R,Spike_T478K,N_S413R,Spike_V127F,M_A63T,Spike_N481K,Spike_S371F,Spike_P1143L,Spike_N450D,NSP13_R392C,Spike_K417N,Spike_ins16MPLF,Spike_T376A,NSP6_S106del,NS8_G8stop,Spike_V445H,NSP4_A65V,Spike_F486P,Spike_P681R,Spike_K356T,Spike_R408S,NSP6_V24F,Spike_G339H,NSP14_I42V,NSP4_L264F,Spike_Y144del,Spike_H245N,NSP3_T24I,Spike_P621S,N_S33del,NSP1_S135R,Spike_S375F,Spike_D405N,Spike_Q498R,Spike_G446S,Spike_A570V,Spike_S477N,Spike_A264D,N_E31del,Spike_N211del,NSP6_R252K,NSP15_T112I,NSP6_F108del,Spike_R158G,Spike_I332V,E_T9I,Spike_V70del,NSP1_K47R,Spike_G1219C,Spike_L452W,NSP9_T35I,NSP12_P323L,Spike_D614G,Spike_V483del)
hCoV-19/Crimea/RII-MH190322S/2024	EPI_ISL_19231833	2024-04-27	Europe / Crimea / Republic of Crimea / Armyansk	Human	Original	Nasopharyngeal swab			MGI DNBSEQ-G400	bwa, samtools, ivar, lofreq	Stretches of NNNs (2.77% of overall sequence). Insertion of 12 nucleotides when compared to the reference WIV04 sequence. Gap of 59 nucleotides when compared to the reference WIV04 sequence.	warn	JN.1.16 (consensus call)	GRA	(NSP5_P132H,Spike_H69del,NSP3_G489S,NSP4_T327I,Spike_S373P,Spike_E484K,Spike_H655Y,Spike_N969K,NSP3_A1892T,Spike_Q954H,N_P13L,Spike_N501Y,Spike_S939F,NS3_T223I,M_Q19E,NSP2_A360V,NSP4_T492I,Spike_L455S,Spike_N460K,Spike_L212I,NSP6_G107del,Spike_E554K,NSP3_K1155R,Spike_P1143L,Spike_F486P,Spike_K356T,Spike_R408S,M_A104V,Spike_P621S,Spike_H245N,Spike_S375F,Spike_Q498R,Spike_A570V,NSP3_V238L,N_E31del,NSP6_R252K,NSP15_T112I,Spike_I332V,E_T9I,NSP12_P323L,Spike_D614G,Spike_V483del,NS7b_F19L,Spike_S50L,N_R203K,Spike_V213G,Spike_G142D,Spike_F157S,N_R32del,NSP3_N1708S,Spike_N440K,Spike_F456L,M_T30A,Spike_N679K,Spike_N764K,Spike_R403K,Spike_Y505H,Spike_L216F,M_D3H,Spike_D796Y,N_G204R,Spike_T478K,N_S413R,Spike_V127F,M_A63T,N_N213S,NSP6_L37F,Spike_N481K,Spike_S371F,Spike_N450D,NSP13_R392C,Spike_K417N,Spike_ins16MPLF,Spike_T376A,NSP6_S106del,Spike_V445H,Spike_P681R,NSP6_V24F,Spike_G339H,NSP4_L264F,Spike_Y144del,NSP3_T24I,N_S33del,NSP1_S135R,N_Q229K,Spike_D405N,Spike_G446S,NSP2_A31D,Spike_S477N,Spike_A264D,Spike_N211del,NSP6_F108del,Spike_R158G,Spike_V70del,Spike_L452W,NSP9_T35I)
hCoV-19/Crimea/RII-MH190325S/2024	EPI_ISL_19231835	2024-04-21	Europe / Crimea / Republic of Crimea / Feodosiya	Human	Original	Nasopharyngeal swab			MGI DNBSEQ-G400	bwa, samtools, ivar, lofreq	NS8_G8stop results in 94.2% truncation of the protein sequence. Gap of 68 nucleotides when compared to the reference WIV04 sequence.	warn	XDD (consensus call)	GRA	(NSP5_P132H,Spike_H69del,NSP2_A510V,NSP3_G489S,Spike_L24del,NSP4_T327I,Spike_S373P,Spike_E484K,Spike_H655Y,Spike_N969K,NSP3_A1892T,Spike_Q954H,N_P13L,Spike_P25del,Spike_N501Y,Spike_S939F,NS3_T223I,M_Q19E,NSP4_T492I,Spike_L455S,Spike_N460K,Spike_L212I,E_T11A,NSP6_G107del,Spike_E554K,Spike_P1143L,NS8_G8stop,NSP4_A65V,Spike_F486P,Spike_K356T,Spike_R408S,Spike_P621S,Spike_H245N,Spike_S375F,Spike_Q498R,Spike_A570V,N_E31del,NSP6_R252K,NSP15_T112I,Spike_I332V,E_T9I,Spike_G1219C,Spike_P26del,NSP12_P323L,Spike_D614G,Spike_V483del,Spike_S50L,N_R203K,Spike_V213G,Spike_G142D,Spike_A27S,Spike_F157S,N_R32del,NSP3_N1708S,Spike_N440K,Spike_N679K,Spike_N764K,Spike_R403K,Spike_Y505H,Spike_L216F,Spike_D796Y,N_G204R,Spike_T478K,N_S413R,Spike_V127F,M_A63T,Spike_N481K,Spike_S371F,Spike_N450D,NSP13_R392C,Spike_K417N,NSP6_S106del,Spike_T376A,Spike_V445H,Spike_P681R,NSP6_V24F,Spike_G339H,NSP14_I42V,NSP4_L264F,Spike_Y144del,NSP3_T24I,N_S33del,NSP1_S135R,NSP3_G1001S,Spike_D405N,Spike_G446S,Spike_S477N,Spike_A264D,Spike_N211del,NSP6_F108del,Spike_R158G,Spike_V70del,NSP1_K47R,Spike_L452W,NSP9_T35I)
hCoV-19/Crimea/RII-MH190346S/2024	EPI_ISL_19231840	2024-04-11	Europe / Crimea / Republic of Crimea / Feodosiya	Human	Original	Nasopharyngeal swab			MGI DNBSEQ-G400	bwa, samtools, ivar, lofreq	Insertion of 12 nucleotides when compared to the reference WIV04 sequence. Gap of 59 nucleotides when compared to the reference WIV04 sequence.	warn	JN.1	GRA	(NSP5_P132H,Spike_H69del,NS7b_F19L,Spike_S50L,NSP3_G489S,NSP4_T327I,Spike_S373P,Spike_N969K,Spike_H655Y,Spike_E484K,N_R203K,Spike_V213G,Spike_G142D,NSP3_A1892T,Spike_Q954H,N_P13L,Spike_N501Y,N_R32del,Spike_S939F,NS3_T223I,NSP4_T83I,M_Q19E,NSP3_N1708S,Spike_N440K,NSP4_T492I,Spike_L455S,Spike_N460K,M_T30A,Spike_N679K,Spike_N764K,Spike_L212I,NSP6_G107del,Spike_R403K,Spike_Y505H,Spike_L216F,Spike_E554K,M_D3H,NSP3_K1155R,Spike_D796Y,N_G204R,Spike_T478K,N_S413R,Spike_V127F,M_A63T,Spike_N481K,Spike_S371F,Spike_P1143L,Spike_N450D,NSP13_R392C,Spike_K417N,Spike_ins16MPLF,Spike_T376A,NSP6_S106del,Spike_V445H,Spike_F486P,Spike_P681R,Spike_K356T,NSP6_V24F,Spike_R408S,Spike_G339H,M_A104V,NSP14_I42V,NSP4_L264F,Spike_Y144del,Spike_H245N,NSP3_T24I,Spike_P621S,N_S33del,NSP1_S135R,Spike_S375F,N_Q229K,Spike_D405N,Spike_Q498R,Spike_G446S,NS3_P42A,NSP2_A31D,Spike_A570V,Spike_S477N,NSP3_V238L,Spike_A264D,N_E31del,Spike_N211del,NSP6_R252K,NSP15_T112I,NSP6_F108del,Spike_I332V,E_T9I,Spike_V70del,Spike_L452W,NSP9_T35I,NSP12_P323L,Spike_D614G,Spike_V483del)
hCoV-19/Crimea/RII-MH190353S/2024	EPI_ISL_19231848	2024-04-07	Europe / Crimea / Republic of Crimea / Feodosiya	Human	Original	Nasopharyngeal swab			MGI DNBSEQ-G400	bwa, samtools, ivar, lofreq	Long stretches of NNNs (9.40% of overall sequence). Insertion of 12 nucleotides when compared to the reference WIV04 sequence. Gap of 59 nucleotides when compared to the reference WIV04 sequence. NSP7 without BLAST coverage.	alert	JN.1	GRA	(NSP5_P132H,Spike_H69del,NS7b_F19L,Spike_S50L,NSP3_G489S,NSP4_T327I,Spike_S373P,Spike_N969K,Spike_H655Y,Spike_E484K,N_R203K,Spike_V213G,Spike_G142D,NSP3_A1892T,Spike_Q954H,N_P13L,Spike_F157S,Spike_N501Y,N_R32del,Spike_S939F,NS3_T223I,NSP4_T83I,M_Q19E,NSP3_N1708S,Spike_N440K,NSP4_T492I,Spike_L455S,Spike_N460K,M_T30A,Spike_N679K,Spike_N764K,Spike_L212I,NSP6_G107del,Spike_R403K,Spike_Y505H,Spike_L216F,Spike_E554K,M_D3H,Spike_D796Y,N_G204R,Spike_T478K,N_S413R,Spike_V127F,M_A63T,Spike_N481K,Spike_S371F,Spike_P1143L,Spike_N450D,NSP13_R392C,Spike_K417N,Spike_ins16MPLF,Spike_T376A,NSP6_S106del,Spike_V445H,Spike_F486P,Spike_P681R,Spike_K356T,Spike_R408S,NSP6_V24F,Spike_G339H,M_A104V,NSP4_L264F,Spike_Y144del,Spike_H245N,NSP3_T24I,Spike_P621S,N_S33del,NSP1_S135R,Spike_S375F,N_Q229K,Spike_D405N,Spike_Q498R,Spike_G446S,NS3_P42A,NSP2_A31D,Spike_A570V,Spike_S477N,NSP3_V238L,Spike_A264D,N_E31del,Spike_N211del,NSP6_F108del,Spike_R158G,Spike_I332V,E_T9I,Spike_V70del,Spike_L452W,NSP9_T35I,NSP12_P323L,Spike_D614G,Spike_V483del)
hCoV-19/Crimea/RII-MH190354S/2024	EPI_ISL_19231849	2024-05-19	Europe / Crimea / Republic of Crimea / Feodosiya	Human	Original	Nasopharyngeal swab			MGI DNBSEQ-G400	bwa, samtools, ivar, lofreq	Stretches of NNNs (1.88% of overall sequence). Gap of 68 nucleotides when compared to the reference WIV04 sequence.	warn	JN.1.18 (consensus call)	GRA	(NSP5_P132H,Spike_H69del,NSP3_G489S,Spike_L24del,NSP4_T327I,Spike_S373P,Spike_N969K,Spike_H655Y,Spike_E484K,Spike_R21T,NSP3_A1892T,Spike_Q954H,N_P13L,Spike_P25del,Spike_N501Y,Spike_S939F,NS3_T223I,Spike_T19I,M_Q19E,NSP4_T492I,Spike_L455S,Spike_N460K,Spike_L212I,NSP6_G107del,NSP15_T114M,Spike_E554K,NSP3_K1155R,Spike_P1143L,Spike_F486P,Spike_K356T,Spike_R408S,M_A104V,Spike_H245N,Spike_P621S,Spike_S375F,Spike_Q498R,Spike_A570V,NSP3_V238L,N_E31del,NSP6_R252K,NSP15_T112I,Spike_I332V,E_T9I,Spike_P26del,NSP12_P323L,Spike_D614G,Spike_V483del,NS7b_F19L,Spike_S50L,N_R203K,Spike_V213G,Spike_G142D,Spike_A27S,Spike_N1187Y,Spike_F157S,N_R32del,NSP3_N1708S,Spike_N440K,M_T30A,Spike_N679K,Spike_N764K,Spike_R403K,Spike_Y505H,Spike_I128V,Spike_L216F,M_D3H,Spike_D796Y,N_G204R,Spike_T478K,N_S413R,Spike_V127F,M_A63T,Spike_R346T,Spike_N481K,Spike_S371F,Spike_N450D,NSP13_R392C,Spike_K417N,Spike_T376A,NSP6_S106del,Spike_V445H,Spike_P681R,NSP6_V24F,Spike_G339H,NSP14_I42V,NSP4_L264F,Spike_Y144del,NSP3_T24I,N_S33del,NSP1_S135R,N_Q229K,Spike_D405N,Spike_G446S,NSP2_A31D,NSP3_T1335I,Spike_S477N,Spike_A264D,Spike_N211del,NSP6_F108del,Spike_R158G,Spike_V70del,Spike_L452W,NSP9_T35I)
hCoV-19/Crimea/RII-MH190367S/2024	EPI_ISL_19231853	2024-04-11	Europe / Crimea / Republic of Crimea / Feodosiya	Human	Original	Nasopharyngeal swab			MGI DNBSEQ-G400	bwa, samtools, ivar, lofreq	Stretches of NNNs (3.30% of overall sequence). Gap of 59 nucleotides when compared to the reference WIV04 sequence.	warn	JN.1.13 (consensus call)	GRA	(NSP5_P132H,Spike_H69del,NS7b_F19L,Spike_S50L,NSP3_G489S,NSP4_T327I,Spike_S373P,Spike_N969K,Spike_H655Y,Spike_E484K,N_R203K,Spike_V213G,Spike_G142D,NSP3_A1892T,Spike_Q954H,N_P13L,Spike_F157S,Spike_N501Y,N_R32del,Spike_S939F,NS3_T223I,NSP4_T83I,M_Q19E,NSP3_N1708S,Spike_N440K,NSP4_T492I,Spike_L455S,Spike_N460K,M_T30A,Spike_N679K,Spike_N764K,Spike_L212I,NSP6_G107del,Spike_R403K,Spike_Y505H,Spike_L216F,Spike_E554K,M_D3H,Spike_D796Y,N_G204R,Spike_T478K,N_S413R,Spike_V127F,M_A63T,Spike_N481K,Spike_S371F,Spike_P1143L,Spike_N450D,NSP13_R392C,Spike_K417N,Spike_T376A,NSP6_S106del,Spike_V445H,Spike_F486P,Spike_P681R,Spike_K356T,Spike_R408S,NSP6_V24F,Spike_G339H,Spike_A1087S,M_A104V,NSP4_L264F,Spike_Y144del,Spike_H245N,NSP3_T24I,Spike_P621S,N_S33del,NSP1_S135R,Spike_S375F,N_Q229K,Spike_D405N,Spike_Q498R,Spike_G446S,NS3_P42A,NSP2_A31D,Spike_A570V,Spike_S477N,NSP3_V238L,Spike_A264D,N_E31del,Spike_N211del,NSP6_R252K,NSP15_T112I,NSP6_F108del,Spike_R158G,Spike_I332V,E_T9I,Spike_V70del,Spike_L452W,NSP9_T35I,NSP12_P323L,Spike_D614G,Spike_V483del)
hCoV-19/Crimea/RII-MH190368S/2024	EPI_ISL_19231854	2024-04-13	Europe / Crimea / Republic of Crimea / Feodosiya	Human	Original	Nasopharyngeal swab			MGI DNBSEQ-G400	bwa, samtools, ivar, lofreq	Stretches of NNNs (1.01% of overall sequence). Insertion of 12 nucleotides when compared to the reference WIV04 sequence. Gap of 59 nucleotides when compared to the reference WIV04 sequence.	warn	KS.1 (consensus call)	GRA	(NSP5_P132H,Spike_H69del,NSP3_G489S,NSP4_T327I,Spike_S373P,Spike_N969K,Spike_H655Y,Spike_E484K,NSP3_A1892T,Spike_Q954H,N_P13L,Spike_N501Y,Spike_S939F,NS3_T223I,Spike_T19I,M_Q19E,NSP4_T492I,Spike_L455S,Spike_N460K,Spike_L212I,NSP6_G107del,Spike_E554K,NSP3_K1155R,Spike_P1143L,Spike_F486P,Spike_K356T,Spike_R408S,M_A104V,Spike_P621S,Spike_H245N,Spike_S375F,Spike_Q498R,Spike_A570V,NSP3_V238L,N_E31del,NSP6_R252K,NSP15_T112I,Spike_I332V,E_T9I,NSP12_P323L,Spike_D614G,Spike_V483del,NSP2_L462F,NS7b_F19L,Spike_S50L,N_R203K,Spike_V213G,Spike_G142D,Spike_F157S,N_R32del,NSP3_N1708S,Spike_N440K,Spike_F456L,M_T30A,Spike_N679K,Spike_N764K,Spike_R403K,Spike_Y505H,Spike_L216F,M_D3H,Spike_D796Y,N_G204R,Spike_T478K,N_S413R,Spike_V127F,M_A63T,Spike_R346T,Spike_N481K,Spike_S371F,Spike_N450D,NSP13_R392C,Spike_K417N,Spike_ins16MPLF,Spike_T376A,NSP6_S106del,Spike_V445H,Spike_P681R,NSP6_V24F,Spike_G339H,Spike_A1087S,NSP14_I42V,NSP4_L264F,Spike_Y144del,NSP3_T24I,N_S33del,NSP1_S135R,N_Q229K,Spike_D405N,Spike_G446S,NSP2_A31D,Spike_S477N,Spike_A264D,Spike_F59S,Spike_N211del,NSP6_F108del,Spike_R158G,Spike_V70del,Spike_L452W,NSP9_T35I)
hCoV-19/Crimea/RII-MH190373S/2024	EPI_ISL_19231866	2024-04-10	Europe / Crimea / Republic of Crimea / Feodosiya	Human	Original	Nasopharyngeal swab			MGI DNBSEQ-G400	bwa, samtools, ivar, lofreq	Stretches of NNNs (3.84% of overall sequence). Gap of 65 nucleotides when compared to the reference WIV04 sequence.	warn	JN.1	GRA	(NSP5_P132H,Spike_H69del,NSP3_G489S,NSP4_T327I,Spike_S373P,Spike_N969K,Spike_H655Y,Spike_E484K,NSP3_A1892T,Spike_Q954H,N_P13L,NS8_S67del,Spike_N501Y,Spike_S939F,NS3_T223I,Spike_T19I,NSP4_T83I,M_Q19E,NSP3_S1424F,NSP4_T492I,Spike_L455S,Spike_N460K,Spike_L212I,NSP6_G107del,Spike_E554K,Spike_P1143L,Spike_F486P,Spike_K356T,Spike_R408S,M_A104V,Spike_P621S,Spike_H245N,Spike_S375F,Spike_Q498R,Spike_A570V,NSP3_V238L,NS8_K68E,N_E31del,NSP6_R252K,NS8_G66del,Spike_I332V,E_T9I,NSP12_P323L,Spike_D614G,Spike_V483del,NS7b_F19L,Spike_S50L,N_R203K,Spike_V213G,Spike_G142D,NSP8_R51H,Spike_F157S,N_R32del,NSP3_N1708S,Spike_N440K,M_T30A,Spike_N679K,Spike_N764K,Spike_R403K,Spike_Y505H,Spike_L216F,M_D3H,Spike_D796Y,N_G204R,Spike_T478K,N_S413R,Spike_V127F,M_A63T,Spike_N481K,Spike_S371F,Spike_N450D,NSP13_R392C,Spike_K417N,Spike_T376A,NSP6_S106del,Spike_V445H,Spike_P681R,NSP6_V24F,Spike_G339H,NSP14_I42V,NSP4_L264F,Spike_Y144del,NSP3_T24I,N_S33del,NSP1_S135R,N_Q229K,Spike_D405N,Spike_G446S,NSP2_A31D,Spike_S477N,NSP1_L16F,Spike_A264D,Spike_N211del,NSP6_F108del,Spike_R158G,Spike_V70del,Spike_L452W,NSP9_T35I)
hCoV-19/Crimea/RII-MH190386S/2024	EPI_ISL_19231874	2024-04-13	Europe / Crimea / Republic of Crimea / Feodosiya	Human	Original	Nasopharyngeal swab			MGI DNBSEQ-G400	bwa, samtools, ivar, lofreq	Insertion of 12 nucleotides when compared to the reference WIV04 sequence. Gap of 68 nucleotides when compared to the reference WIV04 sequence.	warn	JN.1.16 (consensus call)	GRA	(NSP5_P132H,Spike_H69del,NSP3_G489S,Spike_L24del,NSP4_T327I,Spike_S373P,NS3_L73F,Spike_N969K,Spike_H655Y,Spike_E484K,NSP3_A1892T,Spike_Q954H,N_P13L,Spike_P25del,Spike_N501Y,Spike_S939F,NS3_T223I,Spike_T19I,M_Q19E,NSP4_T492I,Spike_L455S,Spike_N460K,Spike_L212I,NSP6_G107del,Spike_E554K,NSP3_K1155R,Spike_P1143L,Spike_F486P,Spike_K356T,Spike_R408S,M_A104V,Spike_H245N,Spike_P621S,Spike_S375F,Spike_Q498R,Spike_A570V,NSP3_V238L,N_E31del,NSP6_R252K,NSP15_T112I,Spike_I332V,E_T9I,Spike_P26del,NSP12_P323L,Spike_D614G,Spike_V483del,NS7b_F19L,Spike_S50L,NS3_Q38E,N_R203K,Spike_V213G,Spike_G142D,Spike_A27S,Spike_F157S,N_R32del,NSP3_N1708S,Spike_N440K,Spike_F456L,M_T30A,Spike_N679K,Spike_N764K,Spike_R403K,Spike_Y505H,Spike_L216F,M_D3H,Spike_D796Y,N_G204R,Spike_T478K,N_S413R,Spike_V127F,M_A63T,Spike_N481K,Spike_S371F,Spike_N450D,NSP13_R392C,Spike_K417N,Spike_ins16MPLF,Spike_T376A,NSP6_S106del,Spike_V445H,Spike_P681R,NSP6_V24F,NS8_W45S,Spike_G339H,NSP14_I42V,NSP4_L264F,Spike_Y144del,NSP3_T24I,N_S33del,NSP1_S135R,N_Q229K,Spike_D405N,Spike_G446S,NSP2_A31D,Spike_S477N,Spike_A264D,Spike_N211del,NSP6_F108del,Spike_R158G,Spike_V70del,Spike_L452W,NSP9_T35I)
hCoV-19/Crimea/RII-MH190402S/2024	EPI_ISL_19231876	2024-04-03	Europe / Crimea / Republic of Crimea / Feodosiya	Human	Original	Nasopharyngeal swab			MGI DNBSEQ-G400	bwa, samtools, ivar, lofreq	Insertion of 12 nucleotides when compared to the reference WIV04 sequence. Gap of 68 nucleotides when compared to the reference WIV04 sequence.	warn	JN.1	GRA	(NSP5_P132H,Spike_H69del,NSP3_G489S,Spike_L24del,NSP4_T327I,Spike_S373P,Spike_N969K,Spike_H655Y,Spike_E484K,NSP3_A1892T,Spike_Q954H,N_P13L,Spike_P25del,Spike_N501Y,Spike_S939F,NS3_T223I,NSP3_P1228L,NSP4_T83I,M_Q19E,NSP4_T492I,Spike_L455S,Spike_N460K,Spike_L212I,NSP6_G107del,Spike_E554K,NSP3_K1155R,Spike_P1143L,NSP1_T151N,Spike_F486P,Spike_K356T,Spike_R408S,M_A104V,Spike_H245N,Spike_P621S,Spike_S375F,Spike_Q498R,Spike_A570V,NSP8_T148I,NSP3_V238L,N_E31del,NSP6_R252K,NSP15_T112I,Spike_I332V,E_T9I,Spike_P26del,NSP12_P323L,Spike_D614G,Spike_V483del,NS7b_F19L,Spike_S50L,N_R203K,Spike_V213G,Spike_G142D,Spike_A27S,Spike_F157S,N_R32del,NSP13_A4V,NSP3_N1708S,Spike_N440K,M_T30A,Spike_N679K,Spike_N764K,Spike_R403K,Spike_Y505H,Spike_L216F,M_D3H,Spike_D796Y,N_G204R,Spike_T478K,N_S413R,Spike_V127F,M_A63T,Spike_N481K,Spike_S371F,Spike_N450D,NSP13_R392C,Spike_K417N,Spike_ins16MPLF,Spike_T376A,NSP6_S106del,Spike_V445H,Spike_P681R,NSP6_V24F,Spike_G339H,NSP14_I42V,NSP4_L264F,Spike_Y144del,NSP3_T24I,N_S33del,NSP1_S135R,N_Q229K,Spike_D405N,Spike_G446S,NSP2_A31D,Spike_S477N,Spike_A264D,Spike_N211del,NSP6_F108del,Spike_R158G,Spike_V70del,Spike_L452W,NSP9_T35I)
